{"cameraMode":{"drawMode":0,"name":"Shaded","section":"Shading Mode"},"sceneLighting":true,"audioPlay":false,"sceneViewState":{"m_AlwaysRefresh":false,"showFog":true,"showSkybox":true,"showFlares":true,"showImageEffects":true,"showParticleSystems":true,"showVisualEffectGraphs":true,"m_FxEnabled":true},"in2DMode":false,"pivot":{"x":-1.5060226917266846,"y":0.9726108312606812,"z":-26.99403953552246},"rotation":{"x":-0.0062345764599740509,"y":-0.9921618700027466,"z":0.050604987889528278,"w":-0.1158752515912056},"size":5.906610012054443,"orthographic":false}